{"cameraMode":{"drawMode":0,"name":"Shaded","section":"Shading Mode"},"sceneLighting":true,"audioPlay":false,"sceneViewState":{"m_AlwaysRefresh":false,"showFog":true,"showSkybox":true,"showFlares":true,"showImageEffects":true,"showParticleSystems":true,"showVisualEffectGraphs":true,"m_FxEnabled":true},"in2DMode":false,"pivot":{"x":1.0582220554351807,"y":-2.2488651275634767,"z":-1.4383066892623902},"rotation":{"x":-0.7243102788925171,"y":0.01591760292649269,"z":-0.01673360913991928,"w":-0.6890944242477417},"size":4.687058448791504,"orthographic":false}